{"vegas": {"1": {"1": {"delay": 40.017, "loss": 0.0006082634289966693, "tput": 1.6591945735419438}, "all": {"delay": 40.017, "loss": 0.0006082634289966693, "tput": 1.6591945735419438}}}, "bbr": {"1": {"1": {"delay": 71.157, "loss": 0.001158789173467345, "tput": 5.046561265963228}, "all": {"delay": 71.157, "loss": 0.001158789173467345, "tput": 5.046561265963228}}}, "cubic": {"1": {"1": {"delay": 1122.007, "loss": 0.026184218686848282, "tput": 5.04113365390988}, "all": {"delay": 1122.007, "loss": 0.026184218686848282, "tput": 5.04113365390988}}}}