{"vegas": {"1": {"1": {"delay": 14.601, "loss": 0.00040224930661159064, "tput": 6.095947696572169}, "all": {"delay": 14.601, "loss": 0.00040224930661159064, "tput": 6.095947696572169}}}, "bbr": {"1": {"1": {"delay": 57.452, "loss": 0.0009242074325664928, "tput": 6.644586690233406}, "all": {"delay": 57.452, "loss": 0.0009242074325664928, "tput": 6.644586690233406}}}, "cubic": {"1": {"1": {"delay": 903.41, "loss": 0.039488198218835535, "tput": 6.624338878537114}, "all": {"delay": 903.41, "loss": 0.039488198218835535, "tput": 6.624338878537114}}}}